{"cameraMode":{"drawMode":0,"name":"Shaded","section":"Shading Mode"},"sceneLighting":true,"audioPlay":false,"sceneViewState":{"showFog":true,"showMaterialUpdate":false,"showSkybox":true,"showFlares":true,"showImageEffects":true,"showParticleSystems":true},"in2DMode":false,"pivot":{"x":9.104188919067383,"y":1.500380516052246,"z":-5.426872253417969},"rotation":{"x":-0.0055110277608036999,"y":0.9933661222457886,"z":-0.05400252342224121,"w":-0.1013740599155426},"size":11.968757629394532,"orthographic":false}